
-- ============================================================================
-- MINECRAFT CRAFTS - DEPLOYMENT PARA VPS
-- ============================================================================
--
-- Este arquivo contém tudo que você precisa para configurar o banco de dados
-- na sua VPS com MariaDB já instalado.
--
-- CONTEÚDO DO BANCO:
-- - 257 itens (materiais, ferramentas, armaduras, blocos, alimentos, etc)
-- - 190 receitas completas com grid 3x3
-- - 1064 entradas de grid (posicionamento dos itens)
-- - 314 relacionamentos de ingredientes
--
-- ============================================================================
-- INSTRUÇÕES DE USO:
-- ============================================================================
--
-- 1. Faça upload deste arquivo para sua VPS
--
-- 2. Conecte ao MariaDB como root:
--    mysql -u root -p
--
-- 3. Execute este arquivo:
--    source /caminho/para/vps_deployment.sql
--    OU
--    mysql -u root -p < vps_deployment.sql
--
-- 4. (OPCIONAL) Se quiser criar um usuário específico para a aplicação,
--    descomente as linhas abaixo e ajuste usuário/senha/host:
--
-- CREATE USER IF NOT EXISTS 'minecraft_user'@'localhost'
--   IDENTIFIED BY 'SUA_SENHA_AQUI';
--
-- GRANT ALL PRIVILEGES ON minecraft_site.*
--   TO 'minecraft_user'@'localhost';
--
-- FLUSH PRIVILEGES;
--
-- NOTAS:
-- - Troque 'localhost' por '%' se quiser acesso de qualquer host
-- - Troque 'SUA_SENHA_AQUI' por uma senha forte
-- - Para acesso remoto, configure também o firewall da VPS
--
-- ============================================================================
-- INÍCIO DO DUMP DO BANCO DE DADOS
-- ============================================================================

/*!40101 SET @OLD_CHARACTER_SET_CLIENT=@@CHARACTER_SET_CLIENT */;
/*!40101 SET @OLD_CHARACTER_SET_RESULTS=@@CHARACTER_SET_RESULTS */;
/*!40101 SET @OLD_COLLATION_CONNECTION=@@COLLATION_CONNECTION */;
/*!50503 SET NAMES utf8mb4 */;
/*!40103 SET @OLD_TIME_ZONE=@@TIME_ZONE */;
/*!40103 SET TIME_ZONE='+00:00' */;
/*!40014 SET @OLD_UNIQUE_CHECKS=@@UNIQUE_CHECKS, UNIQUE_CHECKS=0 */;
/*!40014 SET @OLD_FOREIGN_KEY_CHECKS=@@FOREIGN_KEY_CHECKS, FOREIGN_KEY_CHECKS=0 */;
/*!40101 SET @OLD_SQL_MODE=@@SQL_MODE, SQL_MODE='NO_AUTO_VALUE_ON_ZERO' */;
/*!40111 SET @OLD_SQL_NOTES=@@SQL_NOTES, SQL_NOTES=0 */;


/*!40101 SET @OLD_CHARACTER_SET_CLIENT=@@CHARACTER_SET_CLIENT */;
/*!40101 SET @OLD_CHARACTER_SET_RESULTS=@@CHARACTER_SET_RESULTS */;
/*!40101 SET @OLD_COLLATION_CONNECTION=@@COLLATION_CONNECTION */;
/*!50503 SET NAMES utf8mb4 */;
/*!40103 SET @OLD_TIME_ZONE=@@TIME_ZONE */;
/*!40103 SET TIME_ZONE='+00:00' */;
/*!40014 SET @OLD_UNIQUE_CHECKS=@@UNIQUE_CHECKS, UNIQUE_CHECKS=0 */;
/*!40014 SET @OLD_FOREIGN_KEY_CHECKS=@@FOREIGN_KEY_CHECKS, FOREIGN_KEY_CHECKS=0 */;
/*!40101 SET @OLD_SQL_MODE=@@SQL_MODE, SQL_MODE='NO_AUTO_VALUE_ON_ZERO' */;
/*!40111 SET @OLD_SQL_NOTES=@@SQL_NOTES, SQL_NOTES=0 */;

/*!40000 DROP DATABASE IF EXISTS `minecraft_site`*/;

CREATE DATABASE /*!32312 IF NOT EXISTS*/ `minecraft_site` /*!40100 DEFAULT CHARACTER SET utf8mb4 COLLATE utf8mb4_unicode_ci */ /*!80016 DEFAULT ENCRYPTION='N' */;

USE `minecraft_site`;
DROP TABLE IF EXISTS `ingredients_flat`;
/*!40101 SET @saved_cs_client     = @@character_set_client */;
/*!50503 SET character_set_client = utf8mb4 */;
CREATE TABLE `ingredients_flat` (
  `id` int NOT NULL AUTO_INCREMENT,
  `recipe_id` int NOT NULL,
  `ingredient_item_id` int NOT NULL,
  `quantity` int NOT NULL DEFAULT '1',
  PRIMARY KEY (`id`),
  UNIQUE KEY `unique_ingredient` (`recipe_id`,`ingredient_item_id`),
  KEY `ingredient_item_id` (`ingredient_item_id`),
  KEY `idx_recipe_id` (`recipe_id`),
  CONSTRAINT `ingredients_flat_ibfk_1` FOREIGN KEY (`recipe_id`) REFERENCES `recipes` (`id`) ON DELETE CASCADE,
  CONSTRAINT `ingredients_flat_ibfk_2` FOREIGN KEY (`ingredient_item_id`) REFERENCES `items` (`id`) ON DELETE CASCADE
) ENGINE=InnoDB AUTO_INCREMENT=453 DEFAULT CHARSET=utf8mb4 COLLATE=utf8mb4_unicode_ci;
/*!40101 SET character_set_client = @saved_cs_client */;

LOCK TABLES `ingredients_flat` WRITE;
/*!40000 ALTER TABLE `ingredients_flat` DISABLE KEYS */;
INSERT INTO `ingredients_flat` VALUES (5,3,4,3),(6,3,1,2),(11,6,7,3),(12,6,1,2),(21,11,4,3),(22,11,1,2),(25,13,4,2),(26,13,1,2),(27,14,5,3),(28,14,1,2),(29,15,5,3),(30,15,1,2),(33,17,5,2),(34,17,1,2),(35,18,6,3),(36,18,1,2),(37,19,6,3),(38,19,1,2),(39,20,6,2),(40,20,1,2),(43,22,7,3),(44,22,1,2),(47,24,7,2),(48,24,1,2),(52,27,4,8),(54,29,3,2),(55,30,5,3),(56,31,5,2),(57,32,1,7),(58,33,3,4),(59,33,1,2),(60,34,3,6),(63,36,44,5),(64,37,5,5),(65,38,6,5),(66,39,7,5),(67,40,44,8),(68,41,5,8),(69,42,6,8),(70,43,7,8),(71,44,44,7),(72,45,5,7),(73,46,6,7),(74,47,7,7),(79,52,1,3),(80,52,46,3),(86,55,3,3),(89,58,1,4),(90,58,3,2),(91,59,3,6),(92,60,3,6),(93,60,1,1),(96,62,45,3),(97,62,3,3),(101,65,5,4),(102,65,49,1),(103,66,6,4),(104,66,49,1),(105,67,1,3),(106,67,46,2),(107,68,3,1),(109,70,3,2),(122,76,3,5),(124,78,5,6),(125,78,1,1),(126,79,6,6),(127,79,1,1),(128,79,49,1),(129,80,35,1),(130,80,98,1),(131,81,34,1),(132,81,98,1),(163,97,77,8),(164,97,137,1),(165,98,77,8),(166,98,147,1),(167,99,77,8),(168,99,150,1),(173,104,277,4),(174,105,272,6),(176,107,293,1),(177,108,294,1),(178,109,295,1),(179,110,321,9),(180,111,323,9),(181,112,49,9),(182,113,6,8),(183,113,263,1),(186,115,109,3),(187,115,5,4),(188,116,82,1),(189,116,7,2),(190,116,325,4),(193,118,5,7),(197,120,5,5),(198,120,35,1),(199,121,4,7),(200,121,68,1),(201,121,49,1),(202,122,319,1),(203,122,318,1),(217,136,77,8),(218,136,151,1),(219,137,77,8),(220,137,148,1),(221,138,77,8),(222,138,145,1),(223,139,77,8),(224,139,143,1),(225,140,77,8),(226,140,149,1),(227,141,77,8),(228,141,139,1),(229,142,77,8),(230,142,144,1),(231,143,77,8),(232,143,141,1),(233,144,77,8),(234,144,138,1),(235,145,77,8),(236,145,142,1),(237,146,77,8),(238,146,146,1),(239,147,77,8),(240,147,136,1),(241,148,77,8),(242,148,140,1),(243,149,296,1),(244,150,297,1),(245,151,298,1),(248,154,286,4),(257,161,4,6),(258,161,49,2),(259,161,277,1),(260,162,4,7),(261,162,49,1),(262,163,49,4),(263,163,326,1),(273,168,1,8),(274,168,44,1),(275,169,51,8),(276,169,84,1),(277,170,51,9),(278,171,84,1),(279,171,5,1),(280,172,337,5),(281,172,286,4),(282,173,46,4),(283,174,50,1),(284,175,317,1),(285,176,323,1),(286,177,287,3),(287,178,115,3),(288,179,119,3),(289,179,117,2),(290,179,118,1),(291,179,115,3),(292,180,112,1),(293,181,38,9),(294,182,147,1),(295,182,149,1),(296,183,111,1),(297,184,7,9),(298,185,322,1),(299,186,5,1),(300,186,48,1),(301,187,77,6),(302,188,327,4),(303,189,6,9),(304,190,110,1),(305,191,151,1),(306,191,136,1),(307,192,5,9),(308,193,109,1),(309,194,324,1),(310,195,44,7),(311,196,149,1),(312,196,136,1),(314,198,147,1),(315,198,150,1),(316,199,305,1),(317,200,114,1),(318,201,113,9),(319,202,287,2),(320,203,113,1),(321,203,95,1),(322,204,48,1),(323,204,1,1),(324,204,47,1),(325,205,135,2),(326,206,151,1),(327,206,131,1),(328,207,131,2),(329,208,147,1),(330,208,135,1),(333,210,287,6),(334,210,82,3),(335,211,317,1),(336,211,4,3),(337,212,132,2),(338,213,148,1),(339,213,135,1),(340,214,287,8),(341,215,276,2),(342,216,287,4),(343,217,129,2),(344,218,145,1),(345,218,135,1),(346,219,7,4),(347,220,7,1),(348,220,1,2),(349,221,7,2),(350,221,1,1),(351,222,6,4),(352,223,6,1),(353,223,1,2),(354,224,6,2),(355,224,1,1),(356,225,143,1),(357,225,183,1),(358,226,143,1),(359,226,135,1),(360,227,149,1),(361,227,183,1),(362,228,149,1),(363,228,135,1),(364,229,5,4),(365,230,5,1),(366,230,1,2),(367,231,5,2),(368,231,1,1),(369,232,287,8),(370,232,7,1),(371,233,46,4),(372,233,113,1),(373,234,44,4),(374,235,1,1),(375,235,4,1),(376,236,139,1),(377,236,183,1),(378,237,139,1),(379,237,135,1),(380,238,144,1),(381,238,183,1),(382,239,144,1),(383,239,135,1),(384,240,141,1),(385,240,183,1),(386,241,141,1),(387,241,135,1),(388,242,46,2),(389,242,287,2),(390,243,138,1),(391,243,183,1),(392,244,138,1),(393,244,135,1),(395,246,5,5),(396,247,287,8),(397,247,49,1),(398,248,137,1),(399,248,183,1),(400,249,137,1),(401,249,135,1),(402,250,1,8),(403,250,120,1),(404,251,142,1),(405,251,183,1),(406,252,142,1),(407,252,135,1),(408,253,287,3),(409,253,4,4),(410,253,5,1),(411,253,49,1),(412,254,146,1),(413,254,183,1),(414,255,146,1),(415,255,135,1),(416,256,272,2),(417,257,273,3),(418,258,150,1),(419,258,183,1),(420,259,150,1),(421,259,135,1),(422,260,49,1),(423,260,1,1),(424,261,287,6),(425,261,5,1),(426,262,4,1),(427,262,1,2),(428,263,4,2),(429,263,1,1),(430,264,38,1),(431,264,1,1),(432,265,136,1),(433,265,183,1),(434,266,287,3),(435,266,1,2),(436,267,287,2),(437,267,1,2),(438,268,287,3),(439,268,1,2),(440,269,287,1),(441,269,1,2),(442,270,287,2),(443,270,1,1),(444,271,140,1),(445,271,183,1),(446,272,140,1),(447,272,135,1),(448,273,51,3),(449,273,44,1),(450,274,262,9),(451,275,44,3),(452,275,5,1);
/*!40000 ALTER TABLE `ingredients_flat` ENABLE KEYS */;
UNLOCK TABLES;
DROP TABLE IF EXISTS `items`;
/*!40101 SET @saved_cs_client     = @@character_set_client */;
/*!50503 SET character_set_client = utf8mb4 */;
CREATE TABLE `items` (
  `id` int NOT NULL AUTO_INCREMENT,
  `name` varchar(100) COLLATE utf8mb4_unicode_ci NOT NULL,
  `slug` varchar(120) COLLATE utf8mb4_unicode_ci NOT NULL,
  `description` text COLLATE utf8mb4_unicode_ci,
  `icon` varchar(200) COLLATE utf8mb4_unicode_ci NOT NULL,
  `category` varchar(50) COLLATE utf8mb4_unicode_ci NOT NULL DEFAULT 'material',
  `created_at` timestamp NULL DEFAULT CURRENT_TIMESTAMP,
  PRIMARY KEY (`id`),
  UNIQUE KEY `slug` (`slug`),
  KEY `idx_category` (`category`),
  KEY `idx_slug` (`slug`)
) ENGINE=InnoDB AUTO_INCREMENT=338 DEFAULT CHARSET=utf8mb4 COLLATE=utf8mb4_unicode_ci;
/*!40101 SET character_set_client = @saved_cs_client */;

LOCK TABLES `items` WRITE;
/*!40000 ALTER TABLE `items` DISABLE KEYS */;
INSERT INTO `items` VALUES (1,'Graveto','stick','Um graveto simples de madeira, usado como cabo para ferramentas.','stick.svg','material','2025-10-19 21:49:27'),(2,'Tronco de Madeira','wood_log','Tronco de madeira obtido ao cortar ├írvores.','wood_log.svg','material','2025-10-19 21:49:27'),(3,'Tábuas de Madeira','planks','T├íbuas processadas a partir de troncos de madeira.','planks.svg','material','2025-10-19 21:49:27'),(4,'Pedra','cobblestone','Pedra comum encontrada ao minerar blocos de pedra.','cobblestone.svg','material','2025-10-19 21:49:27'),(5,'Barra de Ferro','iron_ingot','Barra de ferro fundida a partir de min├®rio.','iron_ingot.svg','material','2025-10-19 21:49:27'),(6,'Barra de Ouro','gold_ingot','Barra de ouro fundida a partir de min├®rio.','gold_ingot.svg','material','2025-10-19 21:49:27'),(7,'Diamante','diamond','Gema rara encontrada nas profundezas.','diamond.svg','material','2025-10-19 21:49:27'),(8,'Picareta de Madeira','wooden_pickaxe','Uma picareta b├ísica feita de madeira. Ideal para come├ºar a minerar.','wooden_pickaxe.svg','tool','2025-10-19 21:49:27'),(9,'Espada de Pedra','stone_sword','Espada feita de pedra. Boa para combate inicial.','stone_sword.svg','weapon','2025-10-19 21:49:27'),(10,'Machado de Pedra','stone_axe','Machado de pedra para cortar madeira rapidamente.','stone_axe.svg','tool','2025-10-19 21:49:27'),(11,'Pá de Ouro','golden_shovel','P├í feita de ouro. Muito r├ípida, mas pouco dur├ível.','golden_shovel.svg','tool','2025-10-19 21:49:27'),(12,'Espada de Ferro','iron_sword','Espada confi├ível de ferro, excelente para combate.','iron_sword.svg','weapon','2025-10-19 21:49:27'),(13,'Machado de Diamante','diamond_axe','O machado mais dur├ível e eficiente do jogo.','diamond_axe.svg','tool','2025-10-19 21:49:27'),(14,'Machado de Madeira','wooden_axe','Machado básico de madeira para cortar árvores.','wooden_axe.svg','tool','2025-10-19 22:04:13'),(15,'Pá de Madeira','wooden_shovel','Pá de madeira para cavar terra e areia.','wooden_shovel.svg','tool','2025-10-19 22:04:13'),(16,'Enxada de Madeira','wooden_hoe','Enxada de madeira para preparar terra de cultivo.','wooden_hoe.svg','tool','2025-10-19 22:04:13'),(17,'Espada de Madeira','wooden_sword','Espada básica de madeira para iniciantes.','wooden_sword.svg','weapon','2025-10-19 22:04:13'),(18,'Picareta de Pedra','stone_pickaxe','Picareta de pedra, mais durável que madeira.','stone_pickaxe.svg','tool','2025-10-19 22:04:13'),(19,'Pá de Pedra','stone_shovel','Pá de pedra para escavação eficiente.','stone_shovel.svg','tool','2025-10-19 22:04:13'),(20,'Enxada de Pedra','stone_hoe','Enxada de pedra para agricultura.','stone_hoe.svg','tool','2025-10-19 22:04:13'),(21,'Picareta de Ferro','iron_pickaxe','Picareta de ferro, pode minerar diamantes.','iron_pickaxe.svg','tool','2025-10-19 22:04:13'),(22,'Machado de Ferro','iron_axe','Machado de ferro para corte rápido de madeira.','iron_axe.svg','tool','2025-10-19 22:04:13'),(23,'Pá de Ferro','iron_shovel','Pá de ferro muito eficiente.','iron_shovel.svg','tool','2025-10-19 22:04:13'),(24,'Enxada de Ferro','iron_hoe','Enxada de ferro durável.','iron_hoe.svg','tool','2025-10-19 22:04:13'),(25,'Picareta de Ouro','golden_pickaxe','Picareta de ouro, muito rápida mas frágil.','golden_pickaxe.svg','tool','2025-10-19 22:04:13'),(26,'Machado de Ouro','golden_axe','Machado de ouro extremamente rápido.','golden_axe.svg','tool','2025-10-19 22:04:13'),(27,'Enxada de Ouro','golden_hoe','Enxada de ouro reluzente.','golden_hoe.svg','tool','2025-10-19 22:04:13'),(28,'Espada de Ouro','golden_sword','Espada de ouro com baixa durabilidade.','golden_sword.svg','weapon','2025-10-19 22:04:13'),(29,'Picareta de Diamante','diamond_pickaxe','A melhor picareta, muito durável e rápida.','diamond_pickaxe.svg','tool','2025-10-19 22:04:13'),(30,'Pá de Diamante','diamond_shovel','Pá de diamante, a mais eficiente.','diamond_shovel.svg','tool','2025-10-19 22:04:13'),(31,'Enxada de Diamante','diamond_hoe','Enxada de diamante de alta qualidade.','diamond_hoe.svg','tool','2025-10-19 22:04:13'),(32,'Espada de Diamante','diamond_sword','A espada mais poderosa do jogo.','diamond_sword.svg','weapon','2025-10-19 22:04:13'),(33,'Mesa de Trabalho','crafting_table','Permite craftar itens complexos com grade 3x3.','crafting_table.svg','block','2025-10-19 22:04:13'),(34,'Fornalha','furnace','Usada para fundir minérios e cozinhar comida.','furnace.svg','block','2025-10-19 22:04:13'),(35,'Baú','chest','Armazena até 27 stacks de itens.','chest.svg','block','2025-10-19 22:04:13'),(36,'Bastões','sticks','Pacote de 4 gravetos de uma vez.','sticks.svg','material','2025-10-19 22:04:13'),(37,'Tocha','torch','Fonte de luz que evita spawn de mobs.','torch.svg','tool','2025-10-19 22:04:13'),(38,'Carvão','coal','Combustível obtido ao minerar carvão mineral.','coal.svg','material','2025-10-19 22:04:13'),(39,'Balde','bucket','Usado para transportar água, lava ou leite.','bucket.svg','tool','2025-10-19 22:04:13'),(40,'Tesoura','shears','Corta lã de ovelhas e folhas de árvores.','shears.svg','tool','2025-10-19 22:04:13'),(41,'Escada','ladder','Permite subir e descer verticalmente.','ladder.svg','block','2025-10-19 22:04:13'),(42,'Cerca','fence','Cerca de madeira para delimitar áreas.','fence.svg','block','2025-10-19 22:04:13'),(43,'Porta de Madeira','wooden_door','Porta que pode ser aberta e fechada.','wooden_door.svg','block','2025-10-19 22:04:13'),(44,'Couro','leather','Obtido de vacas, usado para fazer armaduras.','leather.svg','material','2025-10-19 22:18:31'),(45,'Lã','wool','Obtida de ovelhas, usada para decoração.','wool.svg','material','2025-10-19 22:18:31'),(46,'Corda','string','Obtida de aranhas, usada para arcos e lã.','string.svg','material','2025-10-19 22:18:31'),(47,'Pena','feather','Obtida de galinhas, usada para fazer flechas.','feather.svg','material','2025-10-19 22:18:31'),(48,'Pederneira','flint','Obtida ao cavar cascalho, usada para flechas.','flint.svg','material','2025-10-19 22:18:31'),(49,'Redstone','redstone','Pó de redstone para circuitos elétricos.','redstone.svg','material','2025-10-19 22:18:31'),(50,'Tinta','ink_sac','Obtida de lulas, usada para tingir.','ink_sac.svg','material','2025-10-19 22:18:31'),(51,'Papel','paper','Feito de cana de açúcar, usado para livros.','paper.svg','material','2025-10-19 22:18:31'),(52,'Capacete de Couro','leather_helmet','Proteção básica para a cabeça.','leather_helmet.svg','armor','2025-10-19 22:18:31'),(53,'Capacete de Ferro','iron_helmet','Boa proteção de ferro para a cabeça.','iron_helmet.svg','armor','2025-10-19 22:18:31'),(54,'Capacete de Ouro','golden_helmet','Capacete de ouro reluzente.','golden_helmet.svg','armor','2025-10-19 22:18:31'),(55,'Capacete de Diamante','diamond_helmet','Máxima proteção para a cabeça.','diamond_helmet.svg','armor','2025-10-19 22:18:31'),(56,'Peitoral de Couro','leather_chestplate','Proteção básica para o tronco.','leather_chestplate.svg','armor','2025-10-19 22:18:31'),(57,'Peitoral de Ferro','iron_chestplate','Boa proteção de ferro para o tronco.','iron_chestplate.svg','armor','2025-10-19 22:18:31'),(58,'Peitoral de Ouro','golden_chestplate','Peitoral de ouro reluzente.','golden_chestplate.svg','armor','2025-10-19 22:18:31'),(59,'Peitoral de Diamante','diamond_chestplate','Máxima proteção para o tronco.','diamond_chestplate.svg','armor','2025-10-19 22:18:31'),(60,'Calças de Couro','leather_leggings','Proteção básica para as pernas.','leather_leggings.svg','armor','2025-10-19 22:18:31'),(61,'Calças de Ferro','iron_leggings','Boa proteção de ferro para as pernas.','iron_leggings.svg','armor','2025-10-19 22:18:31'),(62,'Calças de Ouro','golden_leggings','Calças de ouro reluzentes.','golden_leggings.svg','armor','2025-10-19 22:18:31'),(63,'Calças de Diamante','diamond_leggings','Máxima proteção para as pernas.','diamond_leggings.svg','armor','2025-10-19 22:18:31'),(64,'Botas de Couro','leather_boots','Proteção básica para os pés.','leather_boots.svg','armor','2025-10-19 22:18:31'),(65,'Botas de Ferro','iron_boots','Boa proteção de ferro para os pés.','iron_boots.svg','armor','2025-10-19 22:18:31'),(66,'Botas de Ouro','golden_boots','Botas de ouro reluzentes.','golden_boots.svg','armor','2025-10-19 22:18:31'),(67,'Botas de Diamante','diamond_boots','Máxima proteção para os pés.','diamond_boots.svg','armor','2025-10-19 22:18:31'),(68,'Arco','bow','Arma de longo alcance que dispara flechas.','bow.svg','weapon','2025-10-19 22:18:31'),(69,'Flecha','arrow','Munição para arcos. Produz 4 flechas.','arrow.svg','weapon','2025-10-19 22:18:31'),(70,'Escudo','shield','Bloqueia ataques inimigos.','shield.svg','weapon','2025-10-19 22:18:31'),(71,'Laje de Madeira','wooden_slab','Meio bloco de madeira. Produz 6 lajes.','wooden_slab.svg','block','2025-10-19 22:18:31'),(72,'Laje de Pedra','stone_slab','Meio bloco de pedra. Produz 6 lajes.','stone_slab.svg','block','2025-10-19 22:18:31'),(73,'Escada de Pedra','stone_stairs','Escada decorativa de pedra. Produz 4.','stone_stairs.svg','block','2025-10-19 22:18:31'),(74,'Portão de Cerca','fence_gate','Portão que abre e fecha.','fence_gate.svg','block','2025-10-19 22:18:31'),(75,'Alçapão','trapdoor','Porta horizontal que abre e fecha.','trapdoor.svg','block','2025-10-19 22:18:31'),(76,'Placa','sign','Permite escrever mensagens. Produz 3.','sign.svg','block','2025-10-19 22:18:31'),(77,'Vidro','glass','Bloco transparente decorativo.','glass.svg','block','2025-10-19 22:18:31'),(78,'Painel de Vidro','glass_pane','Painel fino de vidro. Produz 16.','glass_pane.svg','block','2025-10-19 22:18:31'),(79,'Tijolo','bricks','Bloco decorativo de tijolos.','bricks.svg','block','2025-10-19 22:18:31'),(80,'Estante de Livros','bookshelf','Estante decorativa que armazena livros.','bookshelf.svg','block','2025-10-19 22:18:31'),(81,'Cama','bed','Permite dormir e pular a noite.','bed.svg','tool','2025-10-19 22:18:31'),(82,'Livro','book','Usado para encantar e escrever.','book.svg','tool','2025-10-19 22:18:31'),(83,'Quadro','painting','Decoração de parede com pinturas.','painting.svg','tool','2025-10-19 22:18:31'),(84,'Bússola','compass','Aponta para o ponto de spawn.','compass.svg','tool','2025-10-19 22:18:31'),(85,'Relógio','clock','Mostra a hora do dia.','clock.svg','tool','2025-10-19 22:18:31'),(86,'Vara de Pesca','fishing_rod','Usada para pescar.','fishing_rod.svg','tool','2025-10-19 22:18:31'),(87,'Pederneira e Aço','flint_and_steel','Acende fogo e ativa portais.','flint_and_steel.svg','tool','2025-10-19 22:18:31'),(88,'Botão de Madeira','wooden_button','Botão temporário de madeira.','wooden_button.svg','redstone','2025-10-19 22:18:31'),(89,'Botão de Pedra','stone_button','Botão temporário de pedra.','stone_button.svg','redstone','2025-10-19 22:18:31'),(90,'Placa de Pressão de Madeira','wooden_pressure_plate','Ativa ao pisar. Feita de madeira.','wooden_pressure_plate.svg','redstone','2025-10-19 22:18:31'),(91,'Placa de Pressão de Pedra','stone_pressure_plate','Ativa ao pisar. Feita de pedra.','stone_pressure_plate.svg','redstone','2025-10-19 22:18:31'),(92,'Alavanca','lever','Interruptor permanente de redstone.','lever.svg','redstone','2025-10-19 22:18:31'),(93,'Tocha de Redstone','redstone_torch','Fonte permanente de sinal de redstone.','redstone_torch.svg','redstone','2025-10-19 22:18:31'),(94,'Repetidor de Redstone','repeater','Atrasa e amplifica sinal de redstone.','repeater.svg','redstone','2025-10-19 22:18:31'),(95,'Pistão','piston','Empurra blocos quando ativado.','piston.svg','redstone','2025-10-19 22:18:31'),(96,'Pistão Grudento','sticky_piston','Empurra e puxa blocos.','sticky_piston.svg','redstone','2025-10-19 22:18:31'),(97,'Barco','boat','Permite navegar na água.','boat.svg','transport','2025-10-19 22:18:31'),(98,'Carrinho de Mina','minecart','Carrinho que anda em trilhos.','minecart.svg','transport','2025-10-19 22:18:31'),(99,'Trilho','rail','Trilho para carrinhos. Produz 16.','rail.svg','transport','2025-10-19 22:18:31'),(100,'Trilho Motorizado','powered_rail','Trilho que acelera carrinhos. Produz 6.','powered_rail.svg','transport','2025-10-19 22:18:31'),(101,'Carrinho com Baú','chest_minecart','Carrinho que transporta itens.','chest_minecart.svg','transport','2025-10-19 22:18:31'),(102,'Carrinho com Fornalha','furnace_minecart','Carrinho autopropelido.','furnace_minecart.svg','transport','2025-10-19 22:18:31'),(103,'Pão','bread','Alimento básico feito de trigo.','bread.svg','food','2025-10-19 22:18:31'),(104,'Bolo','cake','Sobremesa deliciosa com 7 fatias.','cake.svg','food','2025-10-19 22:18:31'),(105,'Biscoito','cookie','Biscoito doce. Produz 8.','cookie.svg','food','2025-10-19 22:18:31'),(106,'Tigela','bowl','Usada para ensopados.','bowl.svg','food','2025-10-19 22:18:31'),(107,'Ensopado de Cogumelos','mushroom_stew','Ensopado nutritivo de cogumelos.','mushroom_stew.svg','food','2025-10-19 22:18:31'),(108,'Melancia','melon','Bloco de melancia doce.','melon_block.svg','food','2025-10-19 22:18:31'),(109,'Bloco de Ferro','iron_block','Bloco compacto de ferro. Armazena 9 barras.','iron_block.svg','block','2025-10-19 22:18:31'),(110,'Bloco de Ouro','gold_block','Bloco compacto de ouro. Armazena 9 barras.','gold_block.svg','block','2025-10-19 22:18:31'),(111,'Bloco de Diamante','diamond_block','Bloco compacto de diamante. Armazena 9 gemas.','diamond_block.svg','block','2025-10-19 22:18:31'),(112,'Bloco de Carvão','coal_block','Bloco compacto de carvão. Armazena 9 carvões.','coal_block.svg','block','2025-10-19 22:18:31'),(113,'Slime','slime_ball','Bola de slime pegajosa.','slime_ball.svg','material','2025-10-19 22:18:31'),(114,'Bloco de Slime','slime_block','Bloco que faz você quicar.','slime_block.svg','block','2025-10-19 22:18:31'),(115,'Trigo','wheat','Cereal usado para fazer pão.','wheat.svg','material','2025-10-19 22:18:31'),(116,'Cacau','cocoa','Usado para fazer biscoitos.','cocoa.svg','material','2025-10-19 22:18:31'),(117,'Açúcar','sugar','Feito de cana de açúcar.','sugar.svg','material','2025-10-19 22:18:31'),(118,'Ovo','egg','Obtido de galinhas.','egg.svg','material','2025-10-19 22:18:31'),(119,'Leite','milk_bucket','Balde com leite de vaca.','milk_bucket.svg','material','2025-10-19 22:18:31'),(120,'Lã Branca','white_wool','Lã branca obtida de ovelhas ou tingida','white_wool.svg','craftable','2025-10-19 22:40:16'),(121,'Lã Laranja','orange_wool','Lã tingida com corante laranja','orange_wool.svg','craftable','2025-10-19 22:40:16'),(122,'Lã Magenta','magenta_wool','Lã tingida com corante magenta','magenta_wool.svg','craftable','2025-10-19 22:40:16'),(123,'Lã Azul Claro','light_blue_wool','Lã tingida com corante azul claro','light_blue_wool.svg','craftable','2025-10-19 22:40:16'),(124,'Lã Amarela','yellow_wool','Lã tingida com corante amarelo','yellow_wool.svg','craftable','2025-10-19 22:40:16'),(125,'Lã Verde Limão','lime_wool','Lã tingida com corante verde limão','lime_wool.svg','craftable','2025-10-19 22:40:16'),(126,'Lã Rosa','pink_wool','Lã tingida com corante rosa','pink_wool.svg','craftable','2025-10-19 22:40:16'),(127,'Lã Cinza','gray_wool','Lã tingida com corante cinza','gray_wool.svg','craftable','2025-10-19 22:40:16'),(128,'Lã Cinza Claro','light_gray_wool','Lã tingida com corante cinza claro','light_gray_wool.svg','craftable','2025-10-19 22:40:16'),(129,'Lã Ciano','cyan_wool','Lã tingida com corante ciano','cyan_wool.svg','craftable','2025-10-19 22:40:16'),(130,'Lã Roxa','purple_wool','Lã tingida com corante roxo','purple_wool.svg','craftable','2025-10-19 22:40:16'),(131,'Lã Azul','blue_wool','Lã tingida com corante azul','blue_wool.svg','craftable','2025-10-19 22:40:16'),(132,'Lã Marrom','brown_wool','Lã tingida com corante marrom','brown_wool.svg','craftable','2025-10-19 22:40:16'),(133,'Lã Verde','green_wool','Lã tingida com corante verde','green_wool.svg','craftable','2025-10-19 22:40:16'),(134,'Lã Vermelha','red_wool','Lã tingida com corante vermelho','red_wool.svg','craftable','2025-10-19 22:40:16'),(135,'Lã Preta','black_wool','Lã tingida com corante preto','black_wool.svg','craftable','2025-10-19 22:40:16'),(136,'Corante Branco','white_dye','Corante obtido de farinha de osso','white_dye.svg','material','2025-10-19 22:40:16'),(137,'Corante Laranja','orange_dye','Corante obtido de tulipas laranjas','orange_dye.svg','material','2025-10-19 22:40:16'),(138,'Corante Magenta','magenta_dye','Corante obtido de aliuns ou lilases','magenta_dye.svg','material','2025-10-19 22:40:16'),(139,'Corante Azul Claro','light_blue_dye','Corante obtido de orquídeas azuis','light_blue_dye.svg','material','2025-10-19 22:40:16'),(140,'Corante Amarelo','yellow_dye','Corante obtido de dentes-de-leão','yellow_dye.svg','material','2025-10-19 22:40:16'),(141,'Corante Verde Limão','lime_dye','Corante obtido combinando verde e branco','lime_dye.svg','material','2025-10-19 22:40:16'),(142,'Corante Rosa','pink_dye','Corante obtido de tulipas rosa','pink_dye.svg','material','2025-10-19 22:40:16'),(143,'Corante Cinza','gray_dye','Corante obtido combinando preto e branco','gray_dye.svg','material','2025-10-19 22:40:16'),(144,'Corante Cinza Claro','light_gray_dye','Corante obtido de tulipas brancas','light_gray_dye.svg','material','2025-10-19 22:40:16'),(145,'Corante Ciano','cyan_dye','Corante obtido combinando azul e verde','cyan_dye.svg','material','2025-10-19 22:40:16'),(146,'Corante Roxo','purple_dye','Corante obtido combinando vermelho e azul','purple_dye.svg','material','2025-10-19 22:40:16'),(147,'Corante Azul','blue_dye','Corante obtido de lápis-lazúli','blue_dye.svg','material','2025-10-19 22:40:16'),(148,'Corante Marrom','brown_dye','Corante obtido de grãos de cacau','brown_dye.svg','material','2025-10-19 22:40:16'),(149,'Corante Verde','green_dye','Corante obtido de cactos','green_dye.svg','material','2025-10-19 22:40:16'),(150,'Corante Vermelho','red_dye','Corante obtido de rosas ou beterrabas','red_dye.svg','material','2025-10-19 22:40:16'),(151,'Corante Preto','black_dye','Corante obtido de saco de tinta','black_dye.svg','material','2025-10-19 22:40:16'),(152,'Vidro Branco','white_stained_glass','Vidro tingido de branco','white_stained_glass.svg','craftable','2025-10-19 22:40:16'),(153,'Vidro Laranja','orange_stained_glass','Vidro tingido de laranja','orange_stained_glass.svg','craftable','2025-10-19 22:40:16'),(154,'Vidro Magenta','magenta_stained_glass','Vidro tingido de magenta','magenta_stained_glass.svg','craftable','2025-10-19 22:40:16'),(155,'Vidro Azul Claro','light_blue_stained_glass','Vidro tingido de azul claro','light_blue_stained_glass.svg','craftable','2025-10-19 22:40:16'),(156,'Vidro Amarelo','yellow_stained_glass','Vidro tingido de amarelo','yellow_stained_glass.svg','craftable','2025-10-19 22:40:16'),(157,'Vidro Verde Limão','lime_stained_glass','Vidro tingido de verde limão','lime_stained_glass.svg','craftable','2025-10-19 22:40:16'),(158,'Vidro Rosa','pink_stained_glass','Vidro tingido de rosa','pink_stained_glass.svg','craftable','2025-10-19 22:40:16'),(159,'Vidro Cinza','gray_stained_glass','Vidro tingido de cinza','gray_stained_glass.svg','craftable','2025-10-19 22:40:16'),(160,'Vidro Cinza Claro','light_gray_stained_glass','Vidro tingido de cinza claro','light_gray_stained_glass.svg','craftable','2025-10-19 22:40:16'),(161,'Vidro Ciano','cyan_stained_glass','Vidro tingido de ciano','cyan_stained_glass.svg','craftable','2025-10-19 22:40:16'),(162,'Vidro Roxo','purple_stained_glass','Vidro tingido de roxo','purple_stained_glass.svg','craftable','2025-10-19 22:40:16'),(163,'Vidro Azul','blue_stained_glass','Vidro tingido de azul','blue_stained_glass.svg','craftable','2025-10-19 22:40:16'),(164,'Vidro Marrom','brown_stained_glass','Vidro tingido de marrom','brown_stained_glass.svg','craftable','2025-10-19 22:40:16'),(165,'Vidro Verde','green_stained_glass','Vidro tingido de verde','green_stained_glass.svg','craftable','2025-10-19 22:40:16'),(166,'Vidro Vermelho','red_stained_glass','Vidro tingido de vermelho','red_stained_glass.svg','craftable','2025-10-19 22:40:16'),(167,'Vidro Preto','black_stained_glass','Vidro tingido de preto','black_stained_glass.svg','craftable','2025-10-19 22:40:16'),(168,'Tapete Branco','white_carpet','Tapete decorativo branco','white_carpet.svg','craftable','2025-10-19 22:40:16'),(169,'Tapete Laranja','orange_carpet','Tapete decorativo laranja','orange_carpet.svg','craftable','2025-10-19 22:40:16'),(170,'Tapete Magenta','magenta_carpet','Tapete decorativo magenta','magenta_carpet.svg','craftable','2025-10-19 22:40:16'),(171,'Tapete Azul Claro','light_blue_carpet','Tapete decorativo azul claro','light_blue_carpet.svg','craftable','2025-10-19 22:40:16'),(172,'Tapete Amarelo','yellow_carpet','Tapete decorativo amarelo','yellow_carpet.svg','craftable','2025-10-19 22:40:16'),(173,'Tapete Verde Limão','lime_carpet','Tapete decorativo verde limão','lime_carpet.svg','craftable','2025-10-19 22:40:16'),(174,'Tapete Rosa','pink_carpet','Tapete decorativo rosa','pink_carpet.svg','craftable','2025-10-19 22:40:16'),(175,'Tapete Cinza','gray_carpet','Tapete decorativo cinza','gray_carpet.svg','craftable','2025-10-19 22:40:16'),(176,'Tapete Cinza Claro','light_gray_carpet','Tapete decorativo cinza claro','light_gray_carpet.svg','craftable','2025-10-19 22:40:16'),(177,'Tapete Ciano','cyan_carpet','Tapete decorativo ciano','cyan_carpet.svg','craftable','2025-10-19 22:40:16'),(178,'Tapete Roxo','purple_carpet','Tapete decorativo roxo','purple_carpet.svg','craftable','2025-10-19 22:40:16'),(179,'Tapete Azul','blue_carpet','Tapete decorativo azul','blue_carpet.svg','craftable','2025-10-19 22:40:16'),(180,'Tapete Marrom','brown_carpet','Tapete decorativo marrom','brown_carpet.svg','craftable','2025-10-19 22:40:16'),(181,'Tapete Verde','green_carpet','Tapete decorativo verde','green_carpet.svg','craftable','2025-10-19 22:40:16'),(182,'Tapete Vermelho','red_carpet','Tapete decorativo vermelho','red_carpet.svg','craftable','2025-10-19 22:40:16'),(183,'Tapete Preto','black_carpet','Tapete decorativo preto','black_carpet.svg','craftable','2025-10-19 22:40:16'),(260,'Maçã Dourada','golden_apple','Maçã mágica que restaura muita vida','golden_apple.svg','craftable','2025-10-19 22:40:33'),(261,'Cenoura Dourada','golden_carrot','Cenoura dourada usada para poções','golden_carrot.svg','craftable','2025-10-19 22:40:33'),(262,'Melancia Fatiada','melon_slice','Fatia de melancia refrescante','melon_slice.svg','material','2025-10-19 22:40:33'),(263,'Maçã','apple','Maçã vermelha comum','apple.svg','material','2025-10-19 22:40:33'),(264,'Cenoura','carrot','Cenoura alaranjada nutritiva','carrot.svg','material','2025-10-19 22:40:33'),(265,'Batata','potato','Batata comum do solo','potato.svg','material','2025-10-19 22:40:33'),(266,'Batata Assada','baked_potato','Batata cozida e quentinha','baked_potato.svg','material','2025-10-19 22:40:33'),(267,'Sementes de Trigo','wheat_seeds','Sementes para plantar trigo','wheat_seeds.svg','material','2025-10-19 22:40:33'),(272,'Quartzo Liso','quartz_block','Bloco branco de quartzo','quartz_block.svg','craftable','2025-10-19 22:40:33'),(273,'Quartzo Entalhado','chiseled_quartz_block','Quartzo com padrão decorativo','chiseled_quartz_block.svg','craftable','2025-10-19 22:40:33'),(274,'Pilar de Quartzo','quartz_pillar','Pilar decorativo de quartzo','quartz_pillar.svg','craftable','2025-10-19 22:40:33'),(275,'Escada de Quartzo','quartz_stairs','Escada feita de quartzo','quartz_stairs.svg','craftable','2025-10-19 22:40:33'),(276,'Laje de Quartzo','quartz_slab','Laje fina de quartzo','quartz_slab.svg','craftable','2025-10-19 22:40:33'),(277,'Quartzo','quartz','Cristal de quartzo do Nether','quartz.svg','material','2025-10-19 22:40:33'),(278,'Pedra Lisa','smooth_stone','Pedra polida e lisa','smooth_stone.svg','craftable','2025-10-19 22:40:33'),(279,'Pedra Musgosa','mossy_cobblestone','Pedra coberta de musgo','mossy_cobblestone.svg','craftable','2025-10-19 22:40:33'),(280,'Tijolos de Pedra','stone_bricks','Tijolos decorativos de pedra','stone_bricks.svg','craftable','2025-10-19 22:40:33'),(281,'Tijolos de Pedra Rachados','cracked_stone_bricks','Tijolos de pedra danificados','cracked_stone_bricks.svg','material','2025-10-19 22:40:33'),(282,'Tijolos de Pedra Musgosos','mossy_stone_bricks','Tijolos de pedra com musgo','mossy_stone_bricks.svg','craftable','2025-10-19 22:40:33'),(283,'Arenito','sandstone','Bloco de arenito amarelo','sandstone.svg','craftable','2025-10-19 22:40:33'),(284,'Arenito Liso','smooth_sandstone','Arenito polido','smooth_sandstone.svg','craftable','2025-10-19 22:40:33'),(285,'Arenito Entalhado','chiseled_sandstone','Arenito com padrão decorativo','chiseled_sandstone.svg','craftable','2025-10-19 22:40:33'),(286,'Areia','sand','Areia comum do deserto','sand.svg','material','2025-10-19 22:40:33'),(287,'Tábuas de Carvalho','oak_planks','Tábuas de madeira de carvalho','oak_planks.svg','craftable','2025-10-19 22:40:33'),(288,'Tábuas de Abeto','spruce_planks','Tábuas de madeira de abeto','spruce_planks.svg','craftable','2025-10-19 22:40:33'),(289,'Tábuas de Bétula','birch_planks','Tábuas de madeira de bétula','birch_planks.svg','craftable','2025-10-19 22:40:33'),(290,'Tábuas de Selva','jungle_planks','Tábuas de madeira de selva','jungle_planks.svg','craftable','2025-10-19 22:40:33'),(291,'Tábuas de Acácia','acacia_planks','Tábuas de madeira de acácia','acacia_planks.svg','craftable','2025-10-19 22:40:33'),(292,'Tábuas de Carvalho Escuro','dark_oak_planks','Tábuas de madeira de carvalho escuro','dark_oak_planks.svg','craftable','2025-10-19 22:40:33'),(293,'Tronco de Carvalho','oak_log','Tronco de árvore de carvalho','oak_log.svg','material','2025-10-19 22:40:33'),(294,'Tronco de Abeto','spruce_log','Tronco de árvore de abeto','spruce_log.svg','material','2025-10-19 22:40:33'),(295,'Tronco de Bétula','birch_log','Tronco de árvore de bétula','birch_log.svg','material','2025-10-19 22:40:33'),(296,'Tronco de Selva','jungle_log','Tronco de árvore de selva','jungle_log.svg','material','2025-10-19 22:40:33'),(297,'Tronco de Acácia','acacia_log','Tronco de árvore de acácia','acacia_log.svg','material','2025-10-19 22:40:33'),(298,'Tronco de Carvalho Escuro','dark_oak_log','Tronco de árvore de carvalho escuro','dark_oak_log.svg','material','2025-10-19 22:40:33'),(299,'Comparador','comparator','Compara sinais de redstone','comparator.svg','craftable','2025-10-19 22:40:33'),(300,'Observador','observer','Detecta atualizações de blocos','observer.svg','craftable','2025-10-19 22:40:33'),(301,'Funil','hopper','Transporta itens automaticamente','hopper.svg','craftable','2025-10-19 22:40:33'),(302,'Ejetor','dispenser','Ejeta itens e projéteis','dispenser.svg','craftable','2025-10-19 22:40:33'),(303,'Liberador','dropper','Libera itens','dropper.svg','craftable','2025-10-19 22:40:33'),(304,'Lâmpada de Redstone','redstone_lamp','Luz acionada por redstone','redstone_lamp.svg','craftable','2025-10-19 22:40:33'),(305,'Bloco de Redstone','redstone_block','Bloco condutor de redstone','redstone_block.svg','craftable','2025-10-19 22:40:33'),(306,'Mapa','map','Mapa para exploração','map.svg','craftable','2025-10-19 22:40:33'),(307,'Mapa Vazio','empty_map','Mapa ainda não explorado','empty_map.svg','craftable','2025-10-19 22:40:33'),(308,'Bússola de Lodestone','lodestone_compass','Bússola que aponta para lodestone','lodestone_compass.svg','craftable','2025-10-19 22:40:33'),(309,'Porta-Item','item_frame','Moldura para exibir itens','item_frame.svg','craftable','2025-10-19 22:40:33'),(310,'Armadura de Couro para Cavalo','leather_horse_armor','Armadura de cavalo de couro','leather_horse_armor.svg','material','2025-10-19 22:40:33'),(311,'Armadura de Ferro para Cavalo','iron_horse_armor','Armadura de cavalo de ferro','iron_horse_armor.svg','material','2025-10-19 22:40:33'),(312,'Armadura de Ouro para Cavalo','golden_horse_armor','Armadura de cavalo de ouro','golden_horse_armor.svg','material','2025-10-19 22:40:33'),(313,'Armadura de Diamante para Cavalo','diamond_horse_armor','Armadura de cavalo de diamante','diamond_horse_armor.svg','material','2025-10-19 22:40:33'),(314,'Sela','saddle','Sela para montar em animais','saddle.svg','material','2025-10-19 22:40:33'),(315,'Cabresto','lead','Corda para guiar animais','lead.svg','craftable','2025-10-19 22:40:33'),(316,'Etiqueta','name_tag','Etiqueta para nomear mobs','name_tag.svg','material','2025-10-19 22:40:33'),(317,'Blaze Rod','blaze_rod','Vara de blaze do Nether','blaze_rod.svg','material','2025-10-19 22:40:33'),(318,'Blaze Powder','blaze_powder','Pó de blaze para poções','blaze_powder.svg','material','2025-10-19 22:40:33'),(319,'Ender Pearl','ender_pearl','Pérola de teletransporte','ender_pearl.svg','material','2025-10-19 22:40:33'),(320,'Olho do Ender','ender_eye','Olho usado para localizar fortalezas','ender_eye.svg','craftable','2025-10-19 22:40:33'),(321,'Esmeralda','emerald','Gema verde valiosa','emerald.svg','material','2025-10-19 22:40:33'),(322,'Bloco de Esmeralda','emerald_block','Bloco compacto de esmeraldas','emerald_block.svg','craftable','2025-10-19 22:40:33'),(323,'Lápis-Lazúli','lapis_lazuli','Gema azul para encantamentos','lapis_lazuli.svg','material','2025-10-19 22:40:33'),(324,'Bloco de Lápis-Lazúli','lapis_block','Bloco compacto de lápis-lazúli','lapis_block.svg','craftable','2025-10-19 22:40:33'),(325,'Obsidiana','obsidian','Bloco muito resistente','obsidian.svg','material','2025-10-19 22:40:33'),(326,'Pedra Luminosa','glowstone','Bloco que emite luz','glowstone.svg','material','2025-10-19 22:40:33'),(327,'Pó de Pedra Luminosa','glowstone_dust','Pó luminescente','glowstone_dust.svg','material','2025-10-19 22:40:33'),(328,'Bigorna','anvil','Repara e nomeia itens','anvil.svg','craftable','2025-10-19 22:40:33'),(329,'Mesa de Encantamento','enchanting_table','Mesa para encantar itens','enchanting_table.svg','craftable','2025-10-19 22:40:33'),(330,'Suporte para Poções','brewing_stand','Suporte para fazer poções','brewing_stand.svg','craftable','2025-10-19 22:40:33'),(331,'Caldeirão','cauldron','Caldeirão para armazenar água','cauldron.svg','craftable','2025-10-19 22:40:33'),(332,'Beacon','beacon','Farol que dá efeitos de área','beacon.svg','craftable','2025-10-19 22:40:33'),(333,'Bloco de Nota Musical','note_block','Bloco que toca notas','note_block.svg','craftable','2025-10-19 22:40:33'),(334,'Jukebox','jukebox','Toca discos musicais','jukebox.svg','craftable','2025-10-19 22:40:33'),(335,'Telar','loom','Cria designs em banners','loom.svg','craftable','2025-10-19 22:40:33'),(336,'TNT','tnt','Explosivo poderoso','tnt.svg','craftable','2025-10-19 22:40:33'),(337,'Pólvora','gunpowder','Pó explosivo','gunpowder.svg','material','2025-10-19 22:40:33');
/*!40000 ALTER TABLE `items` ENABLE KEYS */;
UNLOCK TABLES;
DROP TABLE IF EXISTS `recipe_grid`;
/*!40101 SET @saved_cs_client     = @@character_set_client */;
/*!50503 SET character_set_client = utf8mb4 */;
CREATE TABLE `recipe_grid` (
  `id` int NOT NULL AUTO_INCREMENT,
  `recipe_id` int NOT NULL,
  `row` tinyint NOT NULL,
  `col` tinyint NOT NULL,
  `ingredient_item_id` int DEFAULT NULL,
  `quantity` tinyint NOT NULL DEFAULT '1',
  PRIMARY KEY (`id`),
  UNIQUE KEY `unique_position` (`recipe_id`,`row`,`col`),
  KEY `ingredient_item_id` (`ingredient_item_id`),
  KEY `idx_recipe_id` (`recipe_id`),
  CONSTRAINT `recipe_grid_ibfk_1` FOREIGN KEY (`recipe_id`) REFERENCES `recipes` (`id`) ON DELETE CASCADE,
  CONSTRAINT `recipe_grid_ibfk_2` FOREIGN KEY (`ingredient_item_id`) REFERENCES `items` (`id`) ON DELETE CASCADE,
  CONSTRAINT `recipe_grid_chk_1` CHECK ((`row` between 0 and 2)),
  CONSTRAINT `recipe_grid_chk_2` CHECK ((`col` between 0 and 2))
) ENGINE=InnoDB AUTO_INCREMENT=1517 DEFAULT CHARSET=utf8mb4 COLLATE=utf8mb4_unicode_ci;
/*!40101 SET character_set_client = @saved_cs_client */;

LOCK TABLES `recipe_grid` WRITE;
/*!40000 ALTER TABLE `recipe_grid` DISABLE KEYS */;
INSERT INTO `recipe_grid` VALUES (19,3,0,0,4,1),(20,3,0,1,4,1),(21,3,0,2,NULL,1),(22,3,1,0,4,1),(23,3,1,1,1,1),(24,3,1,2,NULL,1),(25,3,2,0,NULL,1),(26,3,2,1,1,1),(27,3,2,2,NULL,1),(46,6,0,0,7,1),(47,6,0,1,7,1),(48,6,0,2,NULL,1),(49,6,1,0,7,1),(50,6,1,1,1,1),(51,6,1,2,NULL,1),(52,6,2,0,NULL,1),(53,6,2,1,1,1),(54,6,2,2,NULL,1),(91,11,0,0,4,1),(92,11,0,1,4,1),(93,11,0,2,4,1),(94,11,1,0,NULL,1),(95,11,1,1,1,1),(96,11,1,2,NULL,1),(97,11,2,0,NULL,1),(98,11,2,1,1,1),(99,11,2,2,NULL,1),(109,13,0,0,4,1),(110,13,0,1,4,1),(111,13,0,2,NULL,1),(112,13,1,0,NULL,1),(113,13,1,1,1,1),(114,13,1,2,NULL,1),(115,13,2,0,NULL,1),(116,13,2,1,1,1),(117,13,2,2,NULL,1),(118,14,0,0,5,1),(119,14,0,1,5,1),(120,14,0,2,5,1),(121,14,1,0,NULL,1),(122,14,1,1,1,1),(123,14,1,2,NULL,1),(124,14,2,0,NULL,1),(125,14,2,1,1,1),(126,14,2,2,NULL,1),(127,15,0,0,5,1),(128,15,0,1,5,1),(129,15,0,2,NULL,1),(130,15,1,0,5,1),(131,15,1,1,1,1),(132,15,1,2,NULL,1),(133,15,2,0,NULL,1),(134,15,2,1,1,1),(135,15,2,2,NULL,1),(145,17,0,0,5,1),(146,17,0,1,5,1),(147,17,0,2,NULL,1),(148,17,1,0,NULL,1),(149,17,1,1,1,1),(150,17,1,2,NULL,1),(151,17,2,0,NULL,1),(152,17,2,1,1,1),(153,17,2,2,NULL,1),(154,18,0,0,6,1),(155,18,0,1,6,1),(156,18,0,2,6,1),(157,18,1,0,NULL,1),(158,18,1,1,1,1),(159,18,1,2,NULL,1),(160,18,2,0,NULL,1),(161,18,2,1,1,1),(162,18,2,2,NULL,1),(163,19,0,0,6,1),(164,19,0,1,6,1),(165,19,0,2,NULL,1),(166,19,1,0,6,1),(167,19,1,1,1,1),(168,19,1,2,NULL,1),(169,19,2,0,NULL,1),(170,19,2,1,1,1),(171,19,2,2,NULL,1),(172,20,0,0,6,1),(173,20,0,1,6,1),(174,20,0,2,NULL,1),(175,20,1,0,NULL,1),(176,20,1,1,1,1),(177,20,1,2,NULL,1),(178,20,2,0,NULL,1),(179,20,2,1,1,1),(180,20,2,2,NULL,1),(190,22,0,0,7,1),(191,22,0,1,7,1),(192,22,0,2,7,1),(193,22,1,0,NULL,1),(194,22,1,1,1,1),(195,22,1,2,NULL,1),(196,22,2,0,NULL,1),(197,22,2,1,1,1),(198,22,2,2,NULL,1),(208,24,0,0,7,1),(209,24,0,1,7,1),(210,24,0,2,NULL,1),(211,24,1,0,NULL,1),(212,24,1,1,1,1),(213,24,1,2,NULL,1),(214,24,2,0,NULL,1),(215,24,2,1,1,1),(216,24,2,2,NULL,1),(235,27,0,0,4,1),(236,27,0,1,4,1),(237,27,0,2,4,1),(238,27,1,0,4,1),(239,27,1,1,NULL,1),(240,27,1,2,4,1),(241,27,2,0,4,1),(242,27,2,1,4,1),(243,27,2,2,4,1),(253,29,0,0,NULL,1),(254,29,0,1,3,1),(255,29,0,2,NULL,1),(256,29,1,0,NULL,1),(257,29,1,1,3,1),(258,29,1,2,NULL,1),(259,29,2,0,NULL,1),(260,29,2,1,NULL,1),(261,29,2,2,NULL,1),(262,30,0,0,5,1),(263,30,0,1,NULL,1),(264,30,0,2,5,1),(265,30,1,0,NULL,1),(266,30,1,1,5,1),(267,30,1,2,NULL,1),(268,30,2,0,NULL,1),(269,30,2,1,NULL,1),(270,30,2,2,NULL,1),(271,31,0,0,NULL,1),(272,31,0,1,5,1),(273,31,0,2,NULL,1),(274,31,1,0,5,1),(275,31,1,1,NULL,1),(276,31,1,2,NULL,1),(277,31,2,0,NULL,1),(278,31,2,1,NULL,1),(279,31,2,2,NULL,1),(280,32,0,0,1,1),(281,32,0,1,NULL,1),(282,32,0,2,1,1),(283,32,1,0,1,1),(284,32,1,1,1,1),(285,32,1,2,1,1),(286,32,2,0,1,1),(287,32,2,1,NULL,1),(288,32,2,2,1,1),(289,33,0,0,3,1),(290,33,0,1,1,1),(291,33,0,2,3,1),(292,33,1,0,3,1),(293,33,1,1,1,1),(294,33,1,2,3,1),(295,33,2,0,NULL,1),(296,33,2,1,NULL,1),(297,33,2,2,NULL,1),(298,34,0,0,3,1),(299,34,0,1,3,1),(300,34,0,2,NULL,1),(301,34,1,0,3,1),(302,34,1,1,3,1),(303,34,1,2,NULL,1),(304,34,2,0,3,1),(305,34,2,1,3,1),(306,34,2,2,NULL,1),(316,36,0,0,44,1),(317,36,0,1,44,1),(318,36,0,2,44,1),(319,36,1,0,44,1),(320,36,1,1,NULL,1),(321,36,1,2,44,1),(322,36,2,0,NULL,1),(323,36,2,1,NULL,1),(324,36,2,2,NULL,1),(325,37,0,0,5,1),(326,37,0,1,5,1),(327,37,0,2,5,1),(328,37,1,0,5,1),(329,37,1,1,NULL,1),(330,37,1,2,5,1),(331,37,2,0,NULL,1),(332,37,2,1,NULL,1),(333,37,2,2,NULL,1),(334,38,0,0,6,1),(335,38,0,1,6,1),(336,38,0,2,6,1),(337,38,1,0,6,1),(338,38,1,1,NULL,1),(339,38,1,2,6,1),(340,38,2,0,NULL,1),(341,38,2,1,NULL,1),(342,38,2,2,NULL,1),(343,39,0,0,7,1),(344,39,0,1,7,1),(345,39,0,2,7,1),(346,39,1,0,7,1),(347,39,1,1,NULL,1),(348,39,1,2,7,1),(349,39,2,0,NULL,1),(350,39,2,1,NULL,1),(351,39,2,2,NULL,1),(352,40,0,0,44,1),(353,40,0,1,NULL,1),(354,40,0,2,44,1),(355,40,1,0,44,1),(356,40,1,1,44,1),(357,40,1,2,44,1),(358,40,2,0,44,1),(359,40,2,1,44,1),(360,40,2,2,44,1),(361,41,0,0,5,1),(362,41,0,1,NULL,1),(363,41,0,2,5,1),(364,41,1,0,5,1),(365,41,1,1,5,1),(366,41,1,2,5,1),(367,41,2,0,5,1),(368,41,2,1,5,1),(369,41,2,2,5,1),(370,42,0,0,6,1),(371,42,0,1,NULL,1),(372,42,0,2,6,1),(373,42,1,0,6,1),(374,42,1,1,6,1),(375,42,1,2,6,1),(376,42,2,0,6,1),(377,42,2,1,6,1),(378,42,2,2,6,1),(379,43,0,0,7,1),(380,43,0,1,NULL,1),(381,43,0,2,7,1),(382,43,1,0,7,1),(383,43,1,1,7,1),(384,43,1,2,7,1),(385,43,2,0,7,1),(386,43,2,1,7,1),(387,43,2,2,7,1),(388,44,0,0,44,1),(389,44,0,1,44,1),(390,44,0,2,44,1),(391,44,1,0,44,1),(392,44,1,1,NULL,1),(393,44,1,2,44,1),(394,44,2,0,44,1),(395,44,2,1,NULL,1),(396,44,2,2,44,1),(397,45,0,0,5,1),(398,45,0,1,5,1),(399,45,0,2,5,1),(400,45,1,0,5,1),(401,45,1,1,NULL,1),(402,45,1,2,5,1),(403,45,2,0,5,1),(404,45,2,1,NULL,1),(405,45,2,2,5,1),(406,46,0,0,6,1),(407,46,0,1,6,1),(408,46,0,2,6,1),(409,46,1,0,6,1),(410,46,1,1,NULL,1),(411,46,1,2,6,1),(412,46,2,0,6,1),(413,46,2,1,NULL,1),(414,46,2,2,6,1),(415,47,0,0,7,1),(416,47,0,1,7,1),(417,47,0,2,7,1),(418,47,1,0,7,1),(419,47,1,1,NULL,1),(420,47,1,2,7,1),(421,47,2,0,7,1),(422,47,2,1,NULL,1),(423,47,2,2,7,1),(460,52,0,0,NULL,1),(461,52,0,1,1,1),(462,52,0,2,46,1),(463,52,1,0,1,1),(464,52,1,1,NULL,1),(465,52,1,2,46,1),(466,52,2,0,NULL,1),(467,52,2,1,1,1),(468,52,2,2,46,1),(487,55,0,0,NULL,1),(488,55,0,1,NULL,1),(489,55,0,2,NULL,1),(490,55,1,0,NULL,1),(491,55,1,1,NULL,1),(492,55,1,2,NULL,1),(493,55,2,0,3,1),(494,55,2,1,3,1),(495,55,2,2,3,1),(514,58,0,0,NULL,1),(515,58,0,1,NULL,1),(516,58,0,2,NULL,1),(517,58,1,0,1,1),(518,58,1,1,3,1),(519,58,1,2,1,1),(520,58,2,0,1,1),(521,58,2,1,3,1),(522,58,2,2,1,1),(523,59,0,0,NULL,1),(524,59,0,1,NULL,1),(525,59,0,2,NULL,1),(526,59,1,0,3,1),(527,59,1,1,3,1),(528,59,1,2,3,1),(529,59,2,0,3,1),(530,59,2,1,3,1),(531,59,2,2,3,1),(532,60,0,0,3,1),(533,60,0,1,3,1),(534,60,0,2,3,1),(535,60,1,0,3,1),(536,60,1,1,3,1),(537,60,1,2,3,1),(538,60,2,0,NULL,1),(539,60,2,1,1,1),(540,60,2,2,NULL,1),(550,62,0,0,NULL,1),(551,62,0,1,NULL,1),(552,62,0,2,NULL,1),(553,62,1,0,45,1),(554,62,1,1,45,1),(555,62,1,2,45,1),(556,62,2,0,3,1),(557,62,2,1,3,1),(558,62,2,2,3,1),(577,65,0,0,NULL,1),(578,65,0,1,5,1),(579,65,0,2,NULL,1),(580,65,1,0,5,1),(581,65,1,1,49,1),(582,65,1,2,5,1),(583,65,2,0,NULL,1),(584,65,2,1,5,1),(585,65,2,2,NULL,1),(586,66,0,0,NULL,1),(587,66,0,1,6,1),(588,66,0,2,NULL,1),(589,66,1,0,6,1),(590,66,1,1,49,1),(591,66,1,2,6,1),(592,66,2,0,NULL,1),(593,66,2,1,6,1),(594,66,2,2,NULL,1),(595,67,0,0,NULL,1),(596,67,0,1,NULL,1),(597,67,0,2,1,1),(598,67,1,0,NULL,1),(599,67,1,1,1,1),(600,67,1,2,46,1),(601,67,2,0,1,1),(602,67,2,1,NULL,1),(603,67,2,2,46,1),(604,68,0,0,NULL,1),(605,68,0,1,NULL,1),(606,68,0,2,NULL,1),(607,68,1,0,NULL,1),(608,68,1,1,3,1),(609,68,1,2,NULL,1),(610,68,2,0,NULL,1),(611,68,2,1,NULL,1),(612,68,2,2,NULL,1),(622,70,0,0,NULL,1),(623,70,0,1,NULL,1),(624,70,0,2,NULL,1),(625,70,1,0,NULL,1),(626,70,1,1,NULL,1),(627,70,1,2,NULL,1),(628,70,2,0,3,1),(629,70,2,1,3,1),(630,70,2,2,NULL,1),(676,76,0,0,NULL,1),(677,76,0,1,NULL,1),(678,76,0,2,NULL,1),(679,76,1,0,3,1),(680,76,1,1,NULL,1),(681,76,1,2,3,1),(682,76,2,0,3,1),(683,76,2,1,3,1),(684,76,2,2,3,1),(694,78,0,0,5,1),(695,78,0,1,NULL,1),(696,78,0,2,5,1),(697,78,1,0,5,1),(698,78,1,1,1,1),(699,78,1,2,5,1),(700,78,2,0,5,1),(701,78,2,1,NULL,1),(702,78,2,2,5,1),(703,79,0,0,6,1),(704,79,0,1,NULL,1),(705,79,0,2,6,1),(706,79,1,0,6,1),(707,79,1,1,1,1),(708,79,1,2,6,1),(709,79,2,0,6,1),(710,79,2,1,49,1),(711,79,2,2,6,1),(712,80,0,0,NULL,1),(713,80,0,1,35,1),(714,80,0,2,NULL,1),(715,80,1,0,NULL,1),(716,80,1,1,98,1),(717,80,1,2,NULL,1),(718,80,2,0,NULL,1),(719,80,2,1,NULL,1),(720,80,2,2,NULL,1),(721,81,0,0,NULL,1),(722,81,0,1,34,1),(723,81,0,2,NULL,1),(724,81,1,0,NULL,1),(725,81,1,1,98,1),(726,81,1,2,NULL,1),(727,81,2,0,NULL,1),(728,81,2,1,NULL,1),(729,81,2,2,NULL,1),(760,97,0,0,77,1),(761,97,0,1,77,1),(762,97,0,2,77,1),(763,97,1,0,77,1),(764,97,1,1,137,1),(765,97,1,2,77,1),(766,97,2,0,77,1),(767,97,2,1,77,1),(768,97,2,2,77,1),(769,98,0,0,77,1),(770,98,0,1,77,1),(771,98,0,2,77,1),(772,98,1,0,77,1),(773,98,1,1,147,1),(774,98,1,2,77,1),(775,98,2,0,77,1),(776,98,2,1,77,1),(777,98,2,2,77,1),(778,99,0,0,77,1),(779,99,0,1,77,1),(780,99,0,2,77,1),(781,99,1,0,77,1),(782,99,1,1,150,1),(783,99,1,2,77,1),(784,99,2,0,77,1),(785,99,2,1,77,1),(786,99,2,2,77,1),(795,104,0,0,277,1),(796,104,0,1,277,1),(797,104,1,0,277,1),(798,104,1,1,277,1),(799,105,0,0,272,1),(800,105,1,0,272,1),(801,105,1,1,272,1),(802,105,2,0,272,1),(803,105,2,1,272,1),(804,105,2,2,272,1),(808,107,1,1,293,1),(809,108,1,1,294,1),(810,109,1,1,295,1),(811,110,0,0,321,1),(812,110,0,1,321,1),(813,110,0,2,321,1),(814,110,1,0,321,1),(815,110,1,1,321,1),(816,110,1,2,321,1),(817,110,2,0,321,1),(818,110,2,1,321,1),(819,110,2,2,321,1),(820,111,0,0,323,1),(821,111,0,1,323,1),(822,111,0,2,323,1),(823,111,1,0,323,1),(824,111,1,1,323,1),(825,111,1,2,323,1),(826,111,2,0,323,1),(827,111,2,1,323,1),(828,111,2,2,323,1),(829,112,0,0,49,1),(830,112,0,1,49,1),(831,112,0,2,49,1),(832,112,1,0,49,1),(833,112,1,1,49,1),(834,112,1,2,49,1),(835,112,2,0,49,1),(836,112,2,1,49,1),(837,112,2,2,49,1),(838,113,0,0,6,1),(839,113,0,1,6,1),(840,113,0,2,6,1),(841,113,1,0,6,1),(842,113,1,1,263,1),(843,113,1,2,6,1),(844,113,2,0,6,1),(845,113,2,1,6,1),(846,113,2,2,6,1),(856,115,0,0,109,1),(857,115,0,1,109,1),(858,115,0,2,109,1),(859,115,1,1,5,1),(860,115,2,0,5,1),(861,115,2,1,5,1),(862,115,2,2,5,1),(863,116,0,1,82,1),(864,116,1,0,7,1),(865,116,1,1,325,1),(866,116,1,2,7,1),(867,116,2,0,325,1),(868,116,2,1,325,1),(869,116,2,2,325,1),(874,118,0,0,5,1),(875,118,0,2,5,1),(876,118,1,0,5,1),(877,118,1,2,5,1),(878,118,2,0,5,1),(879,118,2,1,5,1),(880,118,2,2,5,1),(888,120,0,0,5,1),(889,120,0,2,5,1),(890,120,1,0,5,1),(891,120,1,1,35,1),(892,120,1,2,5,1),(893,120,2,1,5,1),(894,121,0,0,4,1),(895,121,0,1,4,1),(896,121,0,2,4,1),(897,121,1,0,4,1),(898,121,1,1,68,1),(899,121,1,2,4,1),(900,121,2,0,4,1),(901,121,2,1,49,1),(902,121,2,2,4,1),(903,122,1,1,319,1),(904,122,1,2,318,1),(933,136,0,0,77,1),(934,136,0,1,77,1),(935,136,0,2,77,1),(936,136,1,0,77,1),(937,136,1,1,151,1),(938,136,1,2,77,1),(939,136,2,0,77,1),(940,136,2,1,77,1),(941,136,2,2,77,1),(942,137,0,0,77,1),(943,137,0,1,77,1),(944,137,0,2,77,1),(945,137,1,0,77,1),(946,137,1,1,148,1),(947,137,1,2,77,1),(948,137,2,0,77,1),(949,137,2,1,77,1),(950,137,2,2,77,1),(951,138,0,0,77,1),(952,138,0,1,77,1),(953,138,0,2,77,1),(954,138,1,0,77,1),(955,138,1,1,145,1),(956,138,1,2,77,1),(957,138,2,0,77,1),(958,138,2,1,77,1),(959,138,2,2,77,1),(960,139,0,0,77,1),(961,139,0,1,77,1),(962,139,0,2,77,1),(963,139,1,0,77,1),(964,139,1,1,143,1),(965,139,1,2,77,1),(966,139,2,0,77,1),(967,139,2,1,77,1),(968,139,2,2,77,1),(969,140,0,0,77,1),(970,140,0,1,77,1),(971,140,0,2,77,1),(972,140,1,0,77,1),(973,140,1,1,149,1),(974,140,1,2,77,1),(975,140,2,0,77,1),(976,140,2,1,77,1),(977,140,2,2,77,1),(978,141,0,0,77,1),(979,141,0,1,77,1),(980,141,0,2,77,1),(981,141,1,0,77,1),(982,141,1,1,139,1),(983,141,1,2,77,1),(984,141,2,0,77,1),(985,141,2,1,77,1),(986,141,2,2,77,1),(987,142,0,0,77,1),(988,142,0,1,77,1),(989,142,0,2,77,1),(990,142,1,0,77,1),(991,142,1,1,144,1),(992,142,1,2,77,1),(993,142,2,0,77,1),(994,142,2,1,77,1),(995,142,2,2,77,1),(996,143,0,0,77,1),(997,143,0,1,77,1),(998,143,0,2,77,1),(999,143,1,0,77,1),(1000,143,1,1,141,1),(1001,143,1,2,77,1),(1002,143,2,0,77,1),(1003,143,2,1,77,1),(1004,143,2,2,77,1),(1005,144,0,0,77,1),(1006,144,0,1,77,1),(1007,144,0,2,77,1),(1008,144,1,0,77,1),(1009,144,1,1,138,1),(1010,144,1,2,77,1),(1011,144,2,0,77,1),(1012,144,2,1,77,1),(1013,144,2,2,77,1),(1014,145,0,0,77,1),(1015,145,0,1,77,1),(1016,145,0,2,77,1),(1017,145,1,0,77,1),(1018,145,1,1,142,1),(1019,145,1,2,77,1),(1020,145,2,0,77,1),(1021,145,2,1,77,1),(1022,145,2,2,77,1),(1023,146,0,0,77,1),(1024,146,0,1,77,1),(1025,146,0,2,77,1),(1026,146,1,0,77,1),(1027,146,1,1,146,1),(1028,146,1,2,77,1),(1029,146,2,0,77,1),(1030,146,2,1,77,1),(1031,146,2,2,77,1),(1032,147,0,0,77,1),(1033,147,0,1,77,1),(1034,147,0,2,77,1),(1035,147,1,0,77,1),(1036,147,1,1,136,1),(1037,147,1,2,77,1),(1038,147,2,0,77,1),(1039,147,2,1,77,1),(1040,147,2,2,77,1),(1041,148,0,0,77,1),(1042,148,0,1,77,1),(1043,148,0,2,77,1),(1044,148,1,0,77,1),(1045,148,1,1,140,1),(1046,148,1,2,77,1),(1047,148,2,0,77,1),(1048,148,2,1,77,1),(1049,148,2,2,77,1),(1050,149,1,1,296,1),(1051,150,1,1,297,1),(1052,151,1,1,298,1),(1057,154,0,0,286,1),(1058,154,0,1,286,1),(1059,154,1,0,286,1),(1060,154,1,1,286,1),(1076,161,0,0,4,1),(1077,161,0,1,4,1),(1078,161,0,2,4,1),(1079,161,1,0,49,1),(1080,161,1,1,49,1),(1081,161,1,2,277,1),(1082,161,2,0,4,1),(1083,161,2,1,4,1),(1084,161,2,2,4,1),(1085,162,0,0,4,1),(1086,162,0,1,4,1),(1087,162,0,2,4,1),(1088,162,1,0,4,1),(1089,162,1,2,4,1),(1090,162,2,0,4,1),(1091,162,2,1,49,1),(1092,162,2,2,4,1),(1093,163,0,1,49,1),(1094,163,1,0,49,1),(1095,163,1,1,326,1),(1096,163,1,2,49,1),(1097,163,2,1,49,1),(1129,168,0,0,1,1),(1130,168,0,1,1,1),(1131,168,0,2,1,1),(1132,168,1,0,1,1),(1133,168,1,1,44,1),(1134,168,1,2,1,1),(1135,168,2,0,1,1),(1136,168,2,1,1,1),(1137,168,2,2,1,1),(1138,169,0,0,51,1),(1139,169,0,1,51,1),(1140,169,0,2,51,1),(1141,169,1,0,51,1),(1142,169,1,1,84,1),(1143,169,1,2,51,1),(1144,169,2,0,51,1),(1145,169,2,1,51,1),(1146,169,2,2,51,1),(1147,170,0,0,51,1),(1148,170,0,1,51,1),(1149,170,0,2,51,1),(1150,170,1,0,51,1),(1151,170,1,1,51,1),(1152,170,1,2,51,1),(1153,170,2,0,51,1),(1154,170,2,1,51,1),(1155,170,2,2,51,1),(1156,171,1,0,84,1),(1157,171,1,1,5,1),(1158,172,0,0,337,1),(1159,172,0,1,286,1),(1160,172,0,2,337,1),(1161,172,1,0,286,1),(1162,172,1,1,337,1),(1163,172,1,2,286,1),(1164,172,2,0,337,1),(1165,172,2,1,286,1),(1166,172,2,2,337,1),(1167,173,0,0,46,1),(1168,173,0,1,46,1),(1169,173,1,0,46,1),(1170,173,1,1,46,1),(1171,174,1,0,50,1),(1172,175,1,0,317,1),(1173,176,1,0,323,1),(1174,177,0,0,287,1),(1175,177,0,2,287,1),(1176,177,1,1,287,1),(1177,178,0,0,115,1),(1178,178,0,1,115,1),(1179,178,0,2,115,1),(1180,179,0,0,119,1),(1181,179,0,1,119,1),(1182,179,0,2,119,1),(1183,179,1,0,117,1),(1184,179,1,1,118,1),(1185,179,1,2,117,1),(1186,179,2,0,115,1),(1187,179,2,1,115,1),(1188,179,2,2,115,1),(1189,180,1,0,112,1),(1190,181,0,0,38,1),(1191,181,0,1,38,1),(1192,181,0,2,38,1),(1193,181,1,0,38,1),(1194,181,1,1,38,1),(1195,181,1,2,38,1),(1196,181,2,0,38,1),(1197,181,2,1,38,1),(1198,181,2,2,38,1),(1199,182,1,0,147,1),(1200,182,1,1,149,1),(1201,183,1,0,111,1),(1202,184,0,0,7,1),(1203,184,0,1,7,1),(1204,184,0,2,7,1),(1205,184,1,0,7,1),(1206,184,1,1,7,1),(1207,184,1,2,7,1),(1208,184,2,0,7,1),(1209,184,2,1,7,1),(1210,184,2,2,7,1),(1211,185,1,0,322,1),(1212,186,1,0,5,1),(1213,186,1,1,48,1),(1214,187,0,0,77,1),(1215,187,0,1,77,1),(1216,187,0,2,77,1),(1217,187,1,0,77,1),(1218,187,1,1,77,1),(1219,187,1,2,77,1),(1220,188,0,0,327,1),(1221,188,0,1,327,1),(1222,188,1,0,327,1),(1223,188,1,1,327,1),(1224,189,0,0,6,1),(1225,189,0,1,6,1),(1226,189,0,2,6,1),(1227,189,1,0,6,1),(1228,189,1,1,6,1),(1229,189,1,2,6,1),(1230,189,2,0,6,1),(1231,189,2,1,6,1),(1232,189,2,2,6,1),(1233,190,1,0,110,1),(1234,191,1,0,151,1),(1235,191,1,1,136,1),(1236,192,0,0,5,1),(1237,192,0,1,5,1),(1238,192,0,2,5,1),(1239,192,1,0,5,1),(1240,192,1,1,5,1),(1241,192,1,2,5,1),(1242,192,2,0,5,1),(1243,192,2,1,5,1),(1244,192,2,2,5,1),(1245,193,1,0,109,1),(1246,194,1,0,324,1),(1247,195,0,0,44,1),(1248,195,0,2,44,1),(1249,195,1,0,44,1),(1250,195,1,1,44,1),(1251,195,1,2,44,1),(1252,195,2,0,44,1),(1253,195,2,2,44,1),(1254,196,1,0,149,1),(1255,196,1,1,136,1),(1257,198,1,0,147,1),(1258,198,1,1,150,1),(1259,199,1,0,305,1),(1260,200,1,0,114,1),(1261,201,0,0,113,1),(1262,201,0,1,113,1),(1263,201,0,2,113,1),(1264,201,1,0,113,1),(1265,201,1,1,113,1),(1266,201,1,2,113,1),(1267,201,2,0,113,1),(1268,201,2,1,113,1),(1269,201,2,2,113,1),(1270,202,0,0,287,1),(1271,202,1,0,287,1),(1272,203,0,0,113,1),(1273,203,1,0,95,1),(1274,204,0,0,48,1),(1275,204,1,0,1,1),(1276,204,2,0,47,1),(1277,205,0,0,135,1),(1278,205,0,1,135,1),(1279,206,1,0,151,1),(1280,206,1,1,131,1),(1281,207,0,0,131,1),(1282,207,0,1,131,1),(1283,208,1,0,147,1),(1284,208,1,1,135,1),(1288,210,0,0,287,1),(1289,210,0,1,287,1),(1290,210,0,2,287,1),(1291,210,1,0,82,1),(1292,210,1,1,82,1),(1293,210,1,2,82,1),(1294,210,2,0,287,1),(1295,210,2,1,287,1),(1296,210,2,2,287,1),(1297,211,0,1,317,1),(1298,211,1,0,4,1),(1299,211,1,1,4,1),(1300,211,1,2,4,1),(1301,212,0,0,132,1),(1302,212,0,1,132,1),(1303,213,1,0,148,1),(1304,213,1,1,135,1),(1305,214,0,0,287,1),(1306,214,0,1,287,1),(1307,214,0,2,287,1),(1308,214,1,0,287,1),(1309,214,1,2,287,1),(1310,214,2,0,287,1),(1311,214,2,1,287,1),(1312,214,2,2,287,1),(1313,215,0,0,276,1),(1314,215,1,0,276,1),(1315,216,0,0,287,1),(1316,216,0,1,287,1),(1317,216,1,0,287,1),(1318,216,1,1,287,1),(1319,217,0,0,129,1),(1320,217,0,1,129,1),(1321,218,1,0,145,1),(1322,218,1,1,135,1),(1323,219,0,0,7,1),(1324,219,0,2,7,1),(1325,219,1,0,7,1),(1326,219,1,2,7,1),(1327,220,0,0,7,1),(1328,220,1,0,1,1),(1329,220,2,0,1,1),(1330,221,0,0,7,1),(1331,221,1,0,7,1),(1332,221,2,0,1,1),(1333,222,0,0,6,1),(1334,222,0,2,6,1),(1335,222,1,0,6,1),(1336,222,1,2,6,1),(1337,223,0,0,6,1),(1338,223,1,0,1,1),(1339,223,2,0,1,1),(1340,224,0,0,6,1),(1341,224,1,0,6,1),(1342,224,2,0,1,1),(1343,225,1,0,143,1),(1344,225,1,1,183,1),(1345,226,1,0,143,1),(1346,226,1,1,135,1),(1347,227,1,0,149,1),(1348,227,1,1,183,1),(1349,228,1,0,149,1),(1350,228,1,1,135,1),(1351,229,0,0,5,1),(1352,229,0,2,5,1),(1353,229,1,0,5,1),(1354,229,1,2,5,1),(1355,230,0,0,5,1),(1356,230,1,0,1,1),(1357,230,2,0,1,1),(1358,231,0,0,5,1),(1359,231,1,0,5,1),(1360,231,2,0,1,1),(1361,232,0,0,287,1),(1362,232,0,1,287,1),(1363,232,0,2,287,1),(1364,232,1,0,287,1),(1365,232,1,1,7,1),(1366,232,1,2,287,1),(1367,232,2,0,287,1),(1368,232,2,1,287,1),(1369,232,2,2,287,1),(1370,233,0,0,46,1),(1371,233,0,1,46,1),(1372,233,1,0,46,1),(1373,233,1,1,113,1),(1374,233,2,2,46,1),(1375,234,0,0,44,1),(1376,234,0,2,44,1),(1377,234,1,0,44,1),(1378,234,1,2,44,1),(1379,235,0,0,1,1),(1380,235,1,0,4,1),(1381,236,1,0,139,1),(1382,236,1,1,183,1),(1383,237,1,0,139,1),(1384,237,1,1,135,1),(1385,238,1,0,144,1),(1386,238,1,1,183,1),(1387,239,1,0,144,1),(1388,239,1,1,135,1),(1389,240,1,0,141,1),(1390,240,1,1,183,1),(1391,241,1,0,141,1),(1392,241,1,1,135,1),(1393,242,0,0,46,1),(1394,242,0,1,46,1),(1395,242,1,0,287,1),(1396,242,1,1,287,1),(1397,243,1,0,138,1),(1398,243,1,1,183,1),(1399,244,1,0,138,1),(1400,244,1,1,135,1),(1404,246,0,0,5,1),(1405,246,0,2,5,1),(1406,246,1,0,5,1),(1407,246,1,1,5,1),(1408,246,1,2,5,1),(1409,247,0,0,287,1),(1410,247,0,1,287,1),(1411,247,0,2,287,1),(1412,247,1,0,287,1),(1413,247,1,1,49,1),(1414,247,1,2,287,1),(1415,247,2,0,287,1),(1416,247,2,1,287,1),(1417,247,2,2,287,1),(1418,248,1,0,137,1),(1419,248,1,1,183,1),(1420,249,1,0,137,1),(1421,249,1,1,135,1),(1422,250,0,0,1,1),(1423,250,0,1,1,1),(1424,250,0,2,1,1),(1425,250,1,0,1,1),(1426,250,1,1,120,1),(1427,250,1,2,1,1),(1428,250,2,0,1,1),(1429,250,2,1,1,1),(1430,250,2,2,1,1),(1431,251,1,0,142,1),(1432,251,1,1,183,1),(1433,252,1,0,142,1),(1434,252,1,1,135,1),(1435,253,0,0,287,1),(1436,253,0,1,287,1),(1437,253,0,2,287,1),(1438,253,1,0,4,1),(1439,253,1,1,5,1),(1440,253,1,2,4,1),(1441,253,2,0,4,1),(1442,253,2,1,49,1),(1443,253,2,2,4,1),(1444,254,1,0,146,1),(1445,254,1,1,183,1),(1446,255,1,0,146,1),(1447,255,1,1,135,1),(1448,256,0,0,272,1),(1449,256,1,0,272,1),(1450,257,0,0,273,1),(1451,257,0,1,273,1),(1452,257,0,2,273,1),(1453,258,1,0,150,1),(1454,258,1,1,183,1),(1455,259,1,0,150,1),(1456,259,1,1,135,1),(1457,260,0,0,49,1),(1458,260,1,0,1,1),(1459,261,0,0,287,1),(1460,261,0,1,5,1),(1461,261,0,2,287,1),(1462,261,1,0,287,1),(1463,261,1,1,287,1),(1464,261,1,2,287,1),(1465,261,2,1,287,1),(1466,262,0,0,4,1),(1467,262,1,0,1,1),(1468,262,2,0,1,1),(1469,263,0,0,4,1),(1470,263,1,0,4,1),(1471,263,2,0,1,1),(1472,264,0,0,38,1),(1473,264,1,0,1,1),(1474,265,1,0,136,1),(1475,265,1,1,183,1),(1476,266,0,0,287,1),(1477,266,0,1,287,1),(1478,266,1,0,287,1),(1479,266,1,1,1,1),(1480,266,2,1,1,1),(1481,267,0,0,287,1),(1482,267,0,1,287,1),(1483,267,1,1,1,1),(1484,267,2,1,1,1),(1485,268,0,0,287,1),(1486,268,0,1,287,1),(1487,268,0,2,287,1),(1488,268,1,1,1,1),(1489,268,2,1,1,1),(1490,269,0,0,287,1),(1491,269,1,0,1,1),(1492,269,2,0,1,1),(1493,270,0,0,287,1),(1494,270,1,0,287,1),(1495,270,2,0,1,1),(1496,271,1,0,140,1),(1497,271,1,1,183,1),(1498,272,1,0,140,1),(1499,272,1,1,135,1),(1500,273,1,0,51,1),(1501,273,1,1,51,1),(1502,273,1,2,51,1),(1503,273,2,0,44,1),(1504,274,0,0,262,1),(1505,274,0,1,262,1),(1506,274,0,2,262,1),(1507,274,1,0,262,1),(1508,274,1,1,262,1),(1509,274,1,2,262,1),(1510,274,2,0,262,1),(1511,274,2,1,262,1),(1512,274,2,2,262,1),(1513,275,1,1,44,1),(1514,275,2,0,44,1),(1515,275,2,1,5,1),(1516,275,2,2,44,1);
/*!40000 ALTER TABLE `recipe_grid` ENABLE KEYS */;
UNLOCK TABLES;
DROP TABLE IF EXISTS `recipes`;
/*!40101 SET @saved_cs_client     = @@character_set_client */;
/*!50503 SET character_set_client = utf8mb4 */;
CREATE TABLE `recipes` (
  `id` int NOT NULL AUTO_INCREMENT,
  `item_id` int NOT NULL,
  `created_at` timestamp NULL DEFAULT CURRENT_TIMESTAMP,
  PRIMARY KEY (`id`),
  KEY `idx_item_id` (`item_id`),
  CONSTRAINT `recipes_ibfk_1` FOREIGN KEY (`item_id`) REFERENCES `items` (`id`) ON DELETE CASCADE
) ENGINE=InnoDB AUTO_INCREMENT=276 DEFAULT CHARSET=utf8mb4 COLLATE=utf8mb4_unicode_ci;
/*!40101 SET character_set_client = @saved_cs_client */;

LOCK TABLES `recipes` WRITE;
/*!40000 ALTER TABLE `recipes` DISABLE KEYS */;
INSERT INTO `recipes` VALUES (3,10,'2025-10-19 21:49:27'),(6,13,'2025-10-19 21:49:27'),(11,18,'2025-10-19 22:04:13'),(13,20,'2025-10-19 22:04:13'),(14,21,'2025-10-19 22:04:13'),(15,22,'2025-10-19 22:04:13'),(17,24,'2025-10-19 22:04:13'),(18,25,'2025-10-19 22:04:13'),(19,26,'2025-10-19 22:04:13'),(20,27,'2025-10-19 22:04:13'),(22,29,'2025-10-19 22:04:13'),(24,31,'2025-10-19 22:04:13'),(27,34,'2025-10-19 22:04:13'),(29,36,'2025-10-19 22:04:13'),(30,39,'2025-10-19 22:04:13'),(31,40,'2025-10-19 22:04:13'),(32,41,'2025-10-19 22:04:13'),(33,42,'2025-10-19 22:04:13'),(34,43,'2025-10-19 22:04:13'),(36,52,'2025-10-19 22:18:31'),(37,53,'2025-10-19 22:18:31'),(38,54,'2025-10-19 22:18:31'),(39,55,'2025-10-19 22:18:31'),(40,56,'2025-10-19 22:18:31'),(41,57,'2025-10-19 22:18:31'),(42,58,'2025-10-19 22:18:31'),(43,59,'2025-10-19 22:18:31'),(44,60,'2025-10-19 22:18:31'),(45,61,'2025-10-19 22:18:31'),(46,62,'2025-10-19 22:18:31'),(47,63,'2025-10-19 22:18:31'),(52,68,'2025-10-19 22:18:31'),(55,71,'2025-10-19 22:18:31'),(58,74,'2025-10-19 22:18:31'),(59,75,'2025-10-19 22:18:31'),(60,76,'2025-10-19 22:18:31'),(62,81,'2025-10-19 22:18:31'),(65,84,'2025-10-19 22:18:31'),(66,85,'2025-10-19 22:18:31'),(67,86,'2025-10-19 22:18:31'),(68,88,'2025-10-19 22:18:31'),(70,90,'2025-10-19 22:18:31'),(76,97,'2025-10-19 22:18:31'),(78,99,'2025-10-19 22:18:31'),(79,100,'2025-10-19 22:18:31'),(80,101,'2025-10-19 22:18:31'),(81,102,'2025-10-19 22:18:31'),(97,153,'2025-10-20 20:21:43'),(98,163,'2025-10-20 20:21:44'),(99,166,'2025-10-20 20:21:44'),(104,272,'2025-10-20 20:21:44'),(105,275,'2025-10-20 20:21:44'),(107,287,'2025-10-20 20:21:44'),(108,288,'2025-10-20 20:21:44'),(109,289,'2025-10-20 20:21:44'),(110,322,'2025-10-20 20:21:44'),(111,324,'2025-10-20 20:21:44'),(112,305,'2025-10-20 20:21:44'),(113,260,'2025-10-20 20:23:21'),(115,328,'2025-10-20 20:23:21'),(116,329,'2025-10-20 20:23:21'),(118,331,'2025-10-20 20:23:21'),(120,301,'2025-10-20 20:23:21'),(121,302,'2025-10-20 20:23:21'),(122,320,'2025-10-20 20:23:21'),(136,167,'2025-10-20 20:30:22'),(137,164,'2025-10-20 20:30:22'),(138,161,'2025-10-20 20:30:22'),(139,159,'2025-10-20 20:30:22'),(140,165,'2025-10-20 20:30:22'),(141,155,'2025-10-20 20:30:22'),(142,160,'2025-10-20 20:30:22'),(143,157,'2025-10-20 20:30:22'),(144,154,'2025-10-20 20:30:22'),(145,158,'2025-10-20 20:30:22'),(146,162,'2025-10-20 20:30:22'),(147,152,'2025-10-20 20:30:22'),(148,156,'2025-10-20 20:30:22'),(149,290,'2025-10-20 20:30:46'),(150,291,'2025-10-20 20:30:47'),(151,292,'2025-10-20 20:30:47'),(154,283,'2025-10-20 20:30:47'),(161,300,'2025-10-20 20:30:47'),(162,303,'2025-10-20 20:30:47'),(163,304,'2025-10-20 20:30:47'),(168,309,'2025-10-20 20:30:53'),(169,306,'2025-10-20 20:30:53'),(170,307,'2025-10-20 20:30:53'),(171,308,'2025-10-20 20:30:53'),(172,336,'2025-10-20 20:30:53'),(173,120,'2025-10-20 20:33:03'),(174,151,'2025-10-20 20:44:09'),(175,318,'2025-10-20 20:44:09'),(176,147,'2025-10-20 20:44:09'),(177,106,'2025-10-20 20:44:09'),(178,103,'2025-10-20 20:44:09'),(179,104,'2025-10-20 20:44:09'),(180,38,'2025-10-20 20:44:09'),(181,112,'2025-10-20 20:44:09'),(182,145,'2025-10-20 20:44:09'),(183,7,'2025-10-20 20:44:09'),(184,111,'2025-10-20 20:44:09'),(185,321,'2025-10-20 20:44:09'),(186,87,'2025-10-20 20:44:09'),(187,78,'2025-10-20 20:44:09'),(188,326,'2025-10-20 20:44:09'),(189,110,'2025-10-20 20:44:09'),(190,6,'2025-10-20 20:44:09'),(191,143,'2025-10-20 20:44:09'),(192,109,'2025-10-20 20:44:09'),(193,5,'2025-10-20 20:44:09'),(194,323,'2025-10-20 20:44:09'),(195,310,'2025-10-20 20:44:09'),(196,141,'2025-10-20 20:44:09'),(198,146,'2025-10-20 20:44:09'),(199,49,'2025-10-20 20:44:09'),(200,113,'2025-10-20 20:44:09'),(201,114,'2025-10-20 20:44:09'),(202,1,'2025-10-20 20:44:09'),(203,96,'2025-10-20 20:44:09'),(204,69,'2025-10-20 20:55:22'),(205,183,'2025-10-20 20:55:22'),(206,135,'2025-10-20 20:55:22'),(207,179,'2025-10-20 20:55:22'),(208,131,'2025-10-20 20:55:22'),(210,80,'2025-10-20 20:55:22'),(211,330,'2025-10-20 20:55:22'),(212,180,'2025-10-20 20:55:22'),(213,132,'2025-10-20 20:55:22'),(214,35,'2025-10-20 20:55:22'),(215,273,'2025-10-20 20:55:22'),(216,33,'2025-10-20 20:55:22'),(217,177,'2025-10-20 20:55:22'),(218,129,'2025-10-20 20:55:22'),(219,67,'2025-10-20 20:55:22'),(220,30,'2025-10-20 20:55:22'),(221,32,'2025-10-20 20:55:22'),(222,66,'2025-10-20 20:55:22'),(223,11,'2025-10-20 20:55:22'),(224,28,'2025-10-20 20:55:22'),(225,175,'2025-10-20 20:55:22'),(226,127,'2025-10-20 20:55:22'),(227,181,'2025-10-20 20:55:22'),(228,133,'2025-10-20 20:55:22'),(229,65,'2025-10-20 20:55:22'),(230,23,'2025-10-20 20:55:22'),(231,12,'2025-10-20 20:55:22'),(232,334,'2025-10-20 20:55:22'),(233,315,'2025-10-20 20:55:22'),(234,64,'2025-10-20 20:55:22'),(235,92,'2025-10-20 20:55:22'),(236,171,'2025-10-20 20:55:22'),(237,123,'2025-10-20 20:55:22'),(238,176,'2025-10-20 20:55:22'),(239,128,'2025-10-20 20:55:22'),(240,173,'2025-10-20 20:55:22'),(241,125,'2025-10-20 20:55:22'),(242,335,'2025-10-20 20:55:22'),(243,170,'2025-10-20 20:55:22'),(244,122,'2025-10-20 20:55:22'),(246,98,'2025-10-20 20:55:22'),(247,333,'2025-10-20 20:55:22'),(248,169,'2025-10-20 20:55:22'),(249,121,'2025-10-20 20:55:22'),(250,83,'2025-10-20 20:55:22'),(251,174,'2025-10-20 20:55:22'),(252,126,'2025-10-20 20:55:22'),(253,95,'2025-10-20 20:55:22'),(254,178,'2025-10-20 20:55:22'),(255,130,'2025-10-20 20:55:22'),(256,274,'2025-10-20 20:55:22'),(257,276,'2025-10-20 20:55:22'),(258,182,'2025-10-20 20:55:22'),(259,134,'2025-10-20 20:55:22'),(260,93,'2025-10-20 20:55:22'),(261,70,'2025-10-20 20:55:22'),(262,19,'2025-10-20 20:55:22'),(263,9,'2025-10-20 20:55:22'),(264,37,'2025-10-20 20:55:22'),(265,168,'2025-10-20 20:55:22'),(266,14,'2025-10-20 20:55:22'),(267,16,'2025-10-20 20:55:22'),(268,8,'2025-10-20 20:55:22'),(269,15,'2025-10-20 20:55:22'),(270,17,'2025-10-20 20:55:22'),(271,172,'2025-10-20 20:55:22'),(272,124,'2025-10-20 20:55:22'),(273,82,'2025-10-20 20:56:06'),(274,108,'2025-10-20 20:56:06'),(275,314,'2025-10-20 21:08:10');
/*!40000 ALTER TABLE `recipes` ENABLE KEYS */;
UNLOCK TABLES;
/*!40103 SET TIME_ZONE=@OLD_TIME_ZONE */;

/*!40101 SET SQL_MODE=@OLD_SQL_MODE */;
/*!40014 SET FOREIGN_KEY_CHECKS=@OLD_FOREIGN_KEY_CHECKS */;
/*!40014 SET UNIQUE_CHECKS=@OLD_UNIQUE_CHECKS */;
/*!40101 SET CHARACTER_SET_CLIENT=@OLD_CHARACTER_SET_CLIENT */;
/*!40101 SET CHARACTER_SET_RESULTS=@OLD_CHARACTER_SET_RESULTS */;
/*!40101 SET COLLATION_CONNECTION=@OLD_COLLATION_CONNECTION */;
/*!40111 SET SQL_NOTES=@OLD_SQL_NOTES */;


-- ============================================================================
-- FIM DO DUMP - DEPLOYMENT CONCLUÍDO
-- ============================================================================
--
-- VERIFICAÇÃO PÓS-INSTALAÇÃO:
-- ============================================================================
--
-- Execute os comandos abaixo para verificar se tudo foi instalado corretamente:
--
-- USE minecraft_site;
--
-- -- Verificar quantidade de itens (deve retornar 257)
-- SELECT COUNT(*) as total_items FROM items;
--
-- -- Verificar quantidade de receitas (deve retornar 190)
-- SELECT COUNT(*) as total_recipes FROM recipes;
--
-- -- Verificar quantidade de entradas no grid (deve retornar 1064)
-- SELECT COUNT(*) as total_grid_entries FROM recipe_grid;
--
-- -- Verificar quantidade de ingredientes (deve retornar 314)
-- SELECT COUNT(*) as total_ingredients FROM ingredients_flat;
--
-- -- Listar algumas receitas como exemplo
-- SELECT r.id, i.name as item_name, i.slug
-- FROM recipes r
-- INNER JOIN items i ON r.item_id = i.id
-- LIMIT 10;
--
-- ============================================================================
-- CONEXÃO DA APLICAÇÃO
-- ============================================================================
--
-- Configure sua aplicação PHP/Node/etc com os seguintes dados:
--
-- Host: localhost (ou IP da VPS se conexão remota)
-- Porta: 3306 (padrão MariaDB)
-- Database: minecraft_site
-- User: root (ou o usuário que você criou)
-- Password: (sua senha do root ou do usuário criado)
-- Charset: utf8mb4
--
-- Exemplo de conexão PHP PDO:
-- $pdo = new PDO(
--   'mysql:host=localhost;dbname=minecraft_site;charset=utf8mb4',
--   'minecraft_user',
--   'sua_senha',
--   [PDO::ATTR_ERRMODE => PDO::ERRMODE_EXCEPTION]
-- );
--
-- ============================================================================
-- BACKUP
-- ============================================================================
--
-- Para fazer backup do banco na VPS, execute:
-- mysqldump -u root -p minecraft_site > backup_minecraft_$(date +%Y%m%d).sql
--
-- ============================================================================
-- SUPORTE
-- ============================================================================
--
-- Em caso de problemas:
-- 1. Verifique se o MariaDB está rodando: systemctl status mariadb
-- 2. Verifique os logs: tail -f /var/log/mysql/error.log
-- 3. Verifique permissões do usuário: SHOW GRANTS FOR 'usuario'@'host';
--
-- ============================================================================

